CustomerID,Risk_Level,Churn_Probability,SeniorCitizen,Tenure,MonthlyCharges,TotalCharges,Gender_Male,Partner_Yes,Dependents_Yes,PhoneService_Yes,MultipleLines_No phone service,MultipleLines_Yes,InternetService_Fiber optic,InternetService_No,OnlineSecurity_No internet service,OnlineSecurity_Yes,OnlineBackup_No internet service,OnlineBackup_Yes,DeviceProtection_No internet service,DeviceProtection_Yes,TechSupport_No internet service,TechSupport_Yes,StreamingTV_No internet service,StreamingTV_Yes,StreamingMovies_No internet service,StreamingMovies_Yes,Contract_One year,Contract_Two year,PaperlessBilling_Yes,PaymentMethod_Credit card,PaymentMethod_Electronic check,PaymentMethod_Mailed check
TEL00265,High Risk,0.7226512239150745,0,19.0,97.5,1853.86,True,False,True,False,True,False,True,False,False,False,False,False,False,False,False,True,False,True,False,False,False,False,True,False,True,False
TEL00243,Low Risk,0.39486106523354747,0,33.0,71.0,2308.48,False,True,False,True,False,False,False,False,False,True,False,True,False,True,False,False,False,False,False,True,False,False,False,False,False,True
TEL00861,Low Risk,0.02140492001355254,0,72.0,64.53,4657.45,False,True,True,True,False,True,False,False,False,False,False,False,False,True,False,False,False,False,False,True,False,True,False,False,False,False
TEL01368,Low Risk,0.34053138224686424,0,16.0,18.489999999999995,326.1600000000001,False,True,True,True,False,True,False,True,True,False,True,False,True,False,True,False,True,False,True,False,False,False,False,False,True,False
TEL01539,Low Risk,0.09538980755020876,0,4.0,59.0,1077.4,True,False,True,True,False,True,False,False,False,False,False,False,False,False,False,True,False,False,False,True,True,False,False,False,False,True
TEL01534,High Risk,0.8176592654556832,0,16.0,107.01,1740.86,True,True,True,True,False,False,True,False,False,True,False,True,False,False,False,False,False,False,False,False,False,False,False,False,True,False
TEL01247,Low Risk,0.38116151188508474,1,36.0,29.15,1069.84,False,True,False,True,False,False,False,True,True,False,True,False,True,False,True,False,True,False,True,False,False,False,True,False,True,False
TEL01259,Medium Risk,0.5274129112543581,0,2.0,79.84,184.98000000000002,False,True,True,True,False,True,False,False,False,False,False,False,False,True,False,False,False,True,False,False,False,False,False,False,False,True
TEL01405,Medium Risk,0.6711469748098176,0,3.0,83.08,239.79999999999995,True,True,False,True,False,True,True,False,False,False,False,False,False,True,False,True,False,False,False,False,False,False,True,False,False,True
TEL00693,Low Risk,0.09519318970424859,1,24.0,55.1,1077.4,False,False,True,True,False,True,False,False,False,False,False,False,False,False,False,True,False,False,False,True,True,False,False,False,True,False
TEL01204,Low Risk,0.08039540421321277,0,57.0,65.96,3786.71,False,False,False,True,False,True,False,False,False,False,False,False,False,True,False,False,False,True,False,False,True,False,True,False,True,False
TEL00160,Low Risk,0.39623462377010565,0,19.0,18.200000000000003,322.23,False,True,False,True,False,True,False,True,True,False,True,False,True,False,True,False,True,False,True,False,False,False,True,False,True,False
TEL00132,Low Risk,0.2950145021575147,0,3.0,31.32,83.57999999999993,True,True,True,True,False,True,False,True,True,False,True,False,True,False,True,False,True,False,True,False,False,False,False,True,False,False
TEL01641,Low Risk,0.12225746072290082,1,8.999999999999998,21.71,171.3499999999999,True,False,True,True,False,True,False,True,True,False,True,False,True,False,True,False,True,False,True,False,False,True,True,False,True,False
TEL00601,Low Risk,0.3565734043453668,0,7.999999999999998,78.96,643.92,True,False,True,True,False,True,True,False,False,False,False,True,False,False,False,False,False,False,False,False,True,False,True,False,True,False
TEL00003,Low Risk,0.17615730856487843,0,0.0,74.42,0.0,False,True,True,True,False,False,False,False,False,False,False,False,False,True,False,False,False,False,False,True,False,True,False,False,False,True
TEL00934,Low Risk,0.28846047215901094,1,15.0,99.05,1515.85,True,False,True,True,False,False,True,False,False,False,False,True,False,False,False,False,False,False,False,False,False,True,True,False,False,True
TEL01100,Medium Risk,0.4516424743961092,0,46.0,73.41,3382.97,True,False,True,False,True,False,True,False,False,True,False,False,False,False,False,False,False,False,False,False,False,False,True,False,False,False
TEL00557,Medium Risk,0.5798116613632369,0,31.0,94.09,2906.76,False,True,True,True,False,False,True,False,False,False,False,True,False,True,False,False,False,False,False,False,False,False,False,False,False,True
TEL01776,Medium Risk,0.6054814343724261,0,11.999999999999998,88.16,1091.93,True,False,True,True,False,True,True,False,False,False,False,False,False,False,False,False,False,False,False,False,False,False,False,False,False,False
TEL01085,Medium Risk,0.5634964922413145,0,0.0,94.58,0.0,False,False,False,True,False,False,False,False,False,False,False,True,False,True,False,True,False,True,False,False,False,False,True,False,False,True
TEL00505,Low Risk,0.3818776387720676,0,3.0,20.18,34.77999999999997,True,True,False,False,True,False,False,True,True,False,True,False,True,False,True,False,True,False,True,False,False,False,False,False,False,True
TEL00832,Medium Risk,0.5105568530903561,0,10.999999999999998,74.75,834.28,True,True,True,True,False,False,False,False,False,False,False,True,False,False,False,False,False,True,False,False,False,False,True,False,False,True
TEL00985,Low Risk,0.2700430344357954,1,22.0,107.94,2356.36,False,False,False,True,False,False,True,False,False,True,False,True,False,False,False,True,False,True,False,False,False,True,True,False,False,False
TEL00767,Low Risk,0.3429858145546434,0,31.0,130.87,4058.57,True,True,False,True,False,True,True,False,False,True,False,True,False,False,False,True,False,True,False,True,False,True,False,False,True,False
TEL00170,Low Risk,0.3482141741159057,0,44.0,88.24,3906.15,False,True,True,True,False,True,False,False,False,True,False,True,False,False,False,False,False,True,False,False,False,False,True,False,False,True
TEL00710,High Risk,0.8577804407865186,0,16.0,109.77,1768.27,False,True,False,True,False,True,True,False,False,False,False,False,False,True,False,False,False,True,False,True,False,False,True,False,True,False
TEL00779,Low Risk,0.24173244028657745,1,13.0,78.26,995.24,True,False,False,True,False,False,False,False,False,True,False,False,False,True,False,True,False,False,False,False,True,False,False,False,True,False
TEL00617,Medium Risk,0.5086424151754855,0,1.0,93.15,111.82999999999993,True,False,False,True,False,False,True,False,False,False,False,False,False,False,False,False,False,False,False,True,False,True,True,False,True,False
TEL00058,Low Risk,0.016419907164068936,1,49.0,23.049999999999997,1137.64,False,True,True,True,False,True,False,True,True,False,True,False,True,False,True,False,True,False,True,False,False,True,True,True,False,False
TEL00612,Low Risk,0.04192519997873203,0,17.0,31.65,511.6399999999999,False,False,True,True,False,True,False,True,True,False,True,False,True,False,True,False,True,False,True,False,False,True,False,False,False,False
TEL01620,Low Risk,0.03850218390168549,0,26.0,25.489999999999995,696.8899999999999,False,False,False,True,False,True,False,True,True,False,True,False,True,False,True,False,True,False,True,False,True,False,False,False,False,False
TEL01469,High Risk,0.7314178075212228,1,15.0,122.29,1860.82,True,True,True,True,False,True,True,False,False,True,False,True,False,True,False,True,False,False,False,False,False,False,True,False,False,True
TEL00173,Low Risk,0.2078012890196497,0,5.0,66.52,300.71000000000004,True,False,True,True,False,True,False,False,False,True,False,True,False,True,False,False,False,True,False,False,True,False,False,False,True,False
TEL01335,Low Risk,0.038514190876249244,0,19.0,55.59,1036.72,True,False,True,True,False,True,False,False,False,False,False,False,False,True,False,True,False,False,False,False,False,True,False,True,False,False
TEL01745,Medium Risk,0.4879704707665111,0,2.0,64.41,151.8800000000001,True,True,True,True,False,True,False,False,False,False,False,True,False,True,False,False,False,False,False,True,False,False,False,False,False,False
TEL01357,Low Risk,0.16363548900704533,1,4.0,93.13,372.04999999999995,True,True,True,True,False,False,False,False,False,True,False,True,False,False,False,True,False,True,False,True,False,True,False,False,False,False
TEL00989,Medium Risk,0.4211091961693173,0,9.999999999999998,91.25,928.47,False,False,True,True,False,False,True,False,False,False,False,True,False,False,False,False,False,True,False,False,True,False,True,False,True,False
TEL00193,Low Risk,0.27336972638302276,0,11.999999999999998,86.63,1050.78,True,True,False,True,False,False,True,False,False,False,False,False,False,True,False,False,False,False,False,True,True,False,False,True,False,False
TEL00519,High Risk,0.890623828228433,1,14.0,122.68,1716.58,True,True,False,True,False,False,True,False,False,True,False,True,False,False,False,False,False,True,False,False,False,False,False,False,True,False
TEL01374,Medium Risk,0.6128500522404731,0,19.0,85.45,1639.88,False,True,False,True,False,True,True,False,False,True,False,False,False,True,False,False,False,True,False,False,False,False,False,True,False,False
TEL01196,Low Risk,0.03190353041110866,0,39.0,34.5,1318.42,False,True,False,True,False,True,False,True,True,False,True,False,True,False,True,False,True,False,True,False,True,False,False,False,False,False
TEL00142,Low Risk,0.1635829953191982,1,4.0,85.28,329.98,True,False,False,True,False,True,False,False,False,True,False,True,False,True,False,True,False,False,False,True,False,True,True,False,False,True
TEL00426,Medium Risk,0.5645734988227883,0,17.0,87.17,1503.92,False,False,True,True,False,True,True,False,False,False,False,True,False,True,False,False,False,True,False,False,False,False,True,True,False,False
TEL00988,Medium Risk,0.5881223453583541,0,23.0,65.62,1483.52,True,False,False,False,True,False,False,False,False,False,False,True,False,True,False,False,False,False,False,True,False,False,True,False,True,False
TEL01490,Medium Risk,0.4339843865968232,0,2.0,32.69,96.07999999999993,True,True,True,True,False,False,False,True,True,False,True,False,True,False,True,False,True,False,True,False,False,False,True,False,False,True
TEL01409,Low Risk,0.25656652384665973,0,29.0,80.44,2338.25,True,True,True,True,False,False,False,False,False,False,False,True,False,False,False,True,False,True,False,True,False,False,False,True,False,False
TEL00982,Low Risk,0.0705201583055599,0,10.999999999999998,30.549999999999997,322.78,True,False,False,True,False,True,False,True,True,False,True,False,True,False,True,False,True,False,True,False,False,True,True,False,False,False
TEL01079,Medium Risk,0.5041777862533309,0,16.0,74.15,1220.87,False,True,True,True,False,True,False,False,False,True,False,False,False,True,False,False,False,True,False,True,False,False,True,False,False,True
TEL00065,Low Risk,0.2370097068684918,0,19.0,89.73,1700.41,True,False,False,True,False,True,True,False,False,False,False,False,False,True,False,False,False,False,False,False,False,True,True,False,False,False
TEL00528,Low Risk,0.09274306079193569,0,19.0,28.83,576.24,True,False,True,True,False,False,False,True,True,False,True,False,True,False,True,False,True,False,True,False,False,True,True,False,True,False
TEL01634,Medium Risk,0.6696055031453819,0,1.0,104.27,133.01999999999998,False,True,False,True,False,True,True,False,False,False,False,True,False,True,False,True,False,True,False,False,False,False,False,False,False,True
TEL01487,Medium Risk,0.5913366548402426,0,31.0,106.87,3310.49,True,True,True,True,False,True,True,False,False,False,False,True,False,True,False,False,False,False,False,True,False,False,False,False,False,True
TEL01317,Low Risk,0.27893885332927953,0,6.0,118.28,680.81,True,False,False,True,False,True,True,False,False,True,False,False,False,False,False,True,False,True,False,False,False,True,True,False,False,True
TEL01070,High Risk,0.87429162319948,0,9.999999999999998,125.13,1243.37,True,True,False,True,False,True,True,False,False,False,False,True,False,False,False,False,False,True,False,True,False,False,True,False,True,False
TEL00449,Low Risk,0.3782206975383772,0,6.999999999999998,103.81,739.3799999999999,False,False,False,False,True,False,True,False,False,False,False,True,False,True,False,False,False,True,False,True,True,False,True,False,False,True
TEL00944,Low Risk,0.28452924206541036,0,3.0,82.89,224.8800000000001,True,True,True,True,False,True,True,False,False,False,False,False,False,False,False,False,False,False,False,True,False,True,True,False,False,False
TEL01000,Low Risk,0.0162933698023976,0,72.0,56.55,4092.06,False,False,True,True,False,True,False,False,False,True,False,False,False,True,False,False,False,False,False,False,False,True,True,True,False,False
TEL01609,Low Risk,0.20274644130649566,0,62.0,79.42,4899.98,True,True,True,True,False,False,False,False,False,True,False,True,False,True,False,True,False,False,False,False,False,False,True,False,False,False
TEL01790,Low Risk,0.33584578006429966,0,49.0,85.68,4174.13,False,False,True,True,False,False,False,False,False,True,False,True,False,True,False,False,False,True,False,True,False,False,True,False,False,True
TEL00404,High Risk,0.7282929810221223,0,35.0,109.96,3839.33,False,True,False,True,False,True,True,False,False,False,False,False,False,False,False,True,False,False,False,False,False,False,True,False,True,False
TEL01171,Low Risk,0.05689283504664472,1,59.0,59.64,3540.53,True,False,False,True,False,False,False,False,False,False,False,False,False,False,False,True,False,True,False,True,False,True,True,False,True,False
TEL01065,Low Risk,0.17889875966456023,0,40.0,21.560000000000002,881.54,False,True,True,True,False,True,False,True,True,False,True,False,True,False,True,False,True,False,True,False,False,False,False,False,True,False
TEL01545,Low Risk,0.04698286280376229,0,36.0,70.11,2509.56,True,False,True,True,False,True,False,False,False,False,False,True,False,True,False,True,False,True,False,False,True,False,True,False,False,False
TEL00757,Medium Risk,0.6958733062171658,0,2.0,122.02,233.8499999999999,False,False,True,True,False,False,True,False,False,True,False,True,False,False,False,True,False,False,False,True,False,False,False,False,False,True
TEL01525,Low Risk,0.19534054253522085,0,2.0,73.29,176.63999999999987,True,True,False,True,False,True,False,False,False,False,False,False,False,True,False,True,False,True,False,False,False,True,False,False,True,False
TEL00675,Low Risk,0.3974218643382091,1,46.0,87.43,4012.62,False,True,False,False,True,False,False,False,False,True,False,True,False,True,False,True,False,False,False,True,False,False,True,False,False,True
TEL01176,Medium Risk,0.558918792009596,1,2.0,93.5,209.93000000000006,True,True,False,True,False,True,True,False,False,True,False,True,False,True,False,False,False,False,False,False,False,True,True,False,True,False
TEL00314,Low Risk,0.23528086262832504,1,19.0,19.909999999999997,357.0999999999999,True,True,True,True,False,True,False,True,True,False,True,False,True,False,True,False,True,False,True,False,False,False,True,True,False,False
TEL00395,Medium Risk,0.5804478327836445,0,25.0,100.59,2481.43,False,False,True,True,False,True,True,False,False,True,False,True,False,True,False,False,False,True,False,False,False,False,False,False,False,True
TEL00398,Low Risk,0.19511653388007374,1,6.999999999999998,82.28,543.31,False,True,True,False,True,False,False,False,False,False,False,False,False,True,False,False,False,True,False,True,False,True,True,True,False,False
TEL01581,Low Risk,0.04272711191001143,1,44.0,55.35,2454.82,False,False,True,True,False,True,False,False,False,True,False,False,False,False,False,True,False,True,False,True,True,False,True,False,False,False
TEL00047,Medium Risk,0.6779809623708488,0,27.0,103.9,2776.75,True,True,False,True,False,True,True,False,False,False,False,True,False,False,False,False,False,True,False,True,False,False,True,False,False,False
TEL00743,Low Risk,0.04639356516888564,0,69.0,73.14,5064.8,True,False,True,False,True,False,False,False,False,False,False,False,False,False,False,False,False,True,False,False,False,True,False,False,True,False
TEL01694,Low Risk,0.21538630397362954,0,40.0,63.45,2553.33,False,False,False,False,True,False,False,False,False,True,False,True,False,False,False,True,False,True,False,True,False,False,True,True,False,False
TEL01786,Low Risk,0.16447028964319496,1,4.0,46.97,179.80999999999995,True,False,False,True,False,True,False,False,False,False,False,False,False,False,False,False,False,False,False,False,True,False,True,False,False,True
TEL01601,Low Risk,0.3154507253551014,0,1.0,66.72,89.21000000000004,False,True,True,True,False,False,False,False,False,True,False,False,False,True,False,False,False,True,False,True,True,False,False,False,True,False
TEL00901,Low Risk,0.31425912978756815,0,30.0,23.71,707.5200000000001,False,True,False,True,False,False,False,True,True,False,True,False,True,False,True,False,True,False,True,False,False,False,False,False,True,False
TEL00654,High Risk,0.7010415305641908,1,20.0,92.02,1834.57,True,True,False,True,False,False,True,False,False,True,False,False,False,False,False,True,False,False,False,False,False,False,True,False,False,True
TEL00430,Low Risk,0.1348279669890838,0,1.0,58.27,90.54999999999995,True,False,True,True,False,True,False,False,False,False,False,False,False,True,False,False,False,False,False,True,True,False,False,False,False,False
TEL00987,Low Risk,0.006158138811779089,0,72.0,18.489999999999995,1346.11,False,False,False,True,False,True,False,True,True,False,True,False,True,False,True,False,True,False,True,False,True,False,False,False,False,False
TEL00713,Medium Risk,0.43558700645138665,1,38.0,118.67,4486.41,False,True,False,True,False,True,True,False,False,True,False,False,False,True,False,True,False,True,False,True,True,False,True,False,True,False
TEL00459,Low Risk,0.058266375428443526,0,21.0,31.340000000000003,673.1599999999999,False,False,False,True,False,False,False,True,True,False,True,False,True,False,True,False,True,False,True,False,True,False,False,False,False,False
TEL00974,Low Risk,0.22329204577626027,0,59.0,70.49,4150.88,False,True,True,True,False,False,False,False,False,False,False,True,False,False,False,True,False,True,False,False,False,False,False,False,True,False
TEL00724,Low Risk,0.18298902082854432,0,11.999999999999998,34.81,409.27,False,True,False,True,False,False,False,True,True,False,True,False,True,False,True,False,True,False,True,False,True,False,True,False,True,False
TEL00343,Medium Risk,0.4579830495202011,0,16.0,82.77,1293.82,True,False,False,True,False,False,False,False,False,True,False,True,False,True,False,True,False,False,False,False,False,False,True,False,False,True
TEL00034,Low Risk,0.09175198934709851,0,2.0,31.96,61.48000000000002,True,False,True,True,False,False,False,True,True,False,True,False,True,False,True,False,True,False,True,False,True,False,False,False,False,False
TEL00499,Medium Risk,0.5613772204134008,0,4.0,73.88,291.25,True,False,True,True,False,True,False,False,False,True,False,False,False,True,False,True,False,False,False,True,False,False,False,False,True,False
TEL01210,Low Risk,0.3795024776993664,1,14.0,46.2,656.52,False,True,True,True,False,True,False,False,False,False,False,True,False,False,False,False,False,True,False,False,False,False,False,False,False,False
TEL01339,Low Risk,0.056497777321012486,0,19.0,34.35,672.81,False,True,True,True,False,True,False,True,True,False,True,False,True,False,True,False,True,False,True,False,False,True,True,False,False,False
TEL01297,Low Risk,0.09047766280289012,0,27.0,65.63,1772.48,True,False,False,True,False,False,False,False,False,True,False,False,False,False,False,False,False,True,False,True,False,True,False,False,False,False
TEL00279,Medium Risk,0.6616004248975339,0,23.0,86.0,1946.42,True,False,False,True,False,False,True,False,False,True,False,True,False,False,False,False,False,True,False,False,False,False,True,False,False,False
TEL01332,Medium Risk,0.40190401644089263,0,24.0,53.19,1247.21,True,False,False,True,False,True,False,False,False,False,False,False,False,False,False,True,False,True,False,True,False,False,True,False,True,False
TEL00776,Low Risk,0.15621645261403755,0,6.999999999999998,34.47,229.19000000000005,True,True,True,True,False,True,False,True,True,False,True,False,True,False,True,False,True,False,True,False,True,False,True,False,True,False
TEL00144,Medium Risk,0.6469916989280388,0,58.0,102.95,5987.01,True,False,True,True,False,False,True,False,False,True,False,False,False,True,False,False,False,False,False,True,False,False,False,False,True,False
TEL01698,High Risk,0.7082775738118561,0,14.0,124.39,1757.07,False,False,False,True,False,True,True,False,False,True,False,False,False,False,False,False,False,True,False,False,False,False,False,True,False,False
TEL00549,Low Risk,0.31169692285416284,0,22.0,109.94,2389.25,True,True,False,True,False,False,True,False,False,False,False,True,False,False,False,False,False,False,False,True,False,True,True,False,False,True
TEL01214,Low Risk,0.1260996608262013,0,5.0,90.32,461.8499999999999,False,False,False,True,False,True,False,False,False,True,False,True,False,False,False,True,False,False,False,False,True,False,False,False,False,True
TEL01561,Low Risk,0.08116482240015133,0,11.999999999999998,87.3,1077.5,False,True,True,True,False,True,False,False,False,True,False,True,False,True,False,True,False,False,False,False,False,True,False,True,False,False
TEL01751,Medium Risk,0.4493503292819325,1,7.999999999999998,33.51,1077.4,False,False,True,True,False,False,False,True,True,False,True,False,True,False,True,False,True,False,True,False,False,False,True,False,False,True
TEL01205,High Risk,0.759684802637779,0,5.0,90.5,462.1300000000001,True,True,False,True,False,True,True,False,False,False,False,False,False,False,False,False,False,False,False,True,False,False,True,False,False,False
TEL01330,High Risk,0.7462657892269416,1,23.0,98.95,2259.19,True,True,True,True,False,False,True,False,False,True,False,True,False,False,False,False,False,True,False,True,False,False,True,False,False,False
TEL01511,Low Risk,0.10941255200518846,0,38.0,82.7,3131.52,False,True,False,True,False,False,False,False,False,True,False,True,False,False,False,False,False,True,False,True,True,False,False,False,False,False
TEL00151,Medium Risk,0.6051819040814674,0,20.0,77.6,1572.91,True,True,False,True,False,True,True,False,False,False,False,False,False,True,False,False,False,False,False,True,False,False,False,False,False,True
TEL00858,Low Risk,0.2694218154711514,0,32.0,77.95,2478.55,False,True,False,True,False,True,True,False,False,False,False,False,False,True,False,False,False,True,False,False,True,False,False,False,True,False
TEL01585,Low Risk,0.18046775041938057,0,20.0,87.52,1723.57,False,False,True,True,False,True,False,False,False,False,False,True,False,True,False,False,False,True,False,True,True,False,False,False,True,False
TEL00281,Low Risk,0.21824431902439848,0,0.0,85.48,0.0,False,True,True,True,False,False,True,False,False,False,False,True,False,True,False,True,False,True,False,False,False,True,False,False,False,False
TEL00356,Medium Risk,0.6702659833552466,0,8.999999999999998,83.63,761.27,True,False,True,True,False,False,True,False,False,False,False,True,False,False,False,False,False,True,False,True,False,False,True,False,False,True
TEL01398,Low Risk,0.14021467919862865,0,36.0,118.26,4251.81,False,False,True,True,False,False,True,False,False,False,False,True,False,False,False,True,False,True,False,True,True,False,False,True,False,False
TEL01760,Low Risk,0.1786385647034973,0,9.999999999999998,61.55,597.95,True,True,False,True,False,True,False,False,False,False,False,False,False,True,False,True,False,False,False,True,False,True,True,False,True,False
TEL00271,High Risk,0.8819422468900908,1,8.999999999999998,126.04,1124.07,True,False,True,True,False,True,True,False,False,False,False,False,False,True,False,False,False,True,False,True,False,False,True,False,True,False
TEL00332,Low Risk,0.23336156856488935,0,21.0,53.29,1087.97,False,True,True,True,False,True,False,False,False,False,False,False,False,False,False,True,False,True,False,False,False,False,False,False,False,True
TEL00409,Low Risk,0.08165898567527503,0,15.0,33.93,510.71000000000004,False,True,False,True,False,False,False,True,True,False,True,False,True,False,True,False,True,False,True,False,True,False,True,True,False,False
TEL00433,Low Risk,0.20998379851268123,1,43.0,110.6,4763.12,True,True,False,True,False,True,True,False,False,True,False,True,False,True,False,True,False,True,False,True,False,True,True,False,False,False
TEL00707,Low Risk,0.11115645566784975,1,6.999999999999998,57.1,409.44000000000005,False,True,True,True,False,True,False,False,False,False,False,True,False,True,False,True,False,False,False,True,False,True,True,False,False,False
TEL01743,Low Risk,0.2304197892173588,0,2.0,60.99,98.81999999999994,False,True,True,True,False,True,False,False,False,True,False,True,False,False,False,False,False,True,False,False,True,False,False,False,True,False
TEL00633,Low Risk,0.25730247931749534,1,21.0,54.11,1115.35,True,False,True,True,False,True,False,False,False,True,False,True,False,False,False,True,False,True,False,False,False,False,True,True,False,False
TEL01160,Low Risk,0.3101495473399427,1,10.999999999999998,67.24,721.8799999999999,True,True,False,True,False,True,False,False,False,False,False,False,False,True,False,False,False,True,False,False,True,False,True,False,True,False
TEL01283,Low Risk,0.1549156379032729,0,32.0,31.120000000000005,1004.63,True,True,True,True,False,True,False,True,True,False,True,False,True,False,True,False,True,False,True,False,False,False,True,True,False,False
TEL00370,Low Risk,0.19820840847909676,0,10.999999999999998,91.99,1027.16,False,True,False,True,False,True,False,False,False,False,False,True,False,False,False,True,False,True,False,False,True,False,False,False,True,False
TEL01159,Medium Risk,0.44043058724104905,0,46.0,86.81,4026.15,False,False,True,True,False,False,False,False,False,False,False,True,False,True,False,False,False,True,False,True,False,False,False,False,True,False
TEL01067,Medium Risk,0.5640134955320439,0,1.0,101.2,105.30999999999995,False,True,False,True,False,False,True,False,False,True,False,True,False,False,False,False,False,False,False,False,False,True,True,False,True,False
TEL01562,Low Risk,0.39622988809827014,0,20.0,84.46,1713.86,True,True,False,True,False,True,False,False,False,True,False,False,False,False,False,True,False,True,False,False,False,False,False,False,False,False
TEL01595,High Risk,0.772443872050121,0,14.0,112.12,1591.32,False,False,True,True,False,True,True,False,False,True,False,False,False,False,False,True,False,False,False,False,False,False,True,False,True,False
TEL00106,Low Risk,0.18076602082838764,0,20.0,88.35,1753.84,False,True,False,True,False,True,False,False,False,True,False,True,False,False,False,True,False,False,False,True,True,False,False,False,True,False
TEL01550,Low Risk,0.10007435769855662,0,53.0,106.66,5621.27,False,False,True,True,False,True,True,False,False,False,False,False,False,True,False,True,False,True,False,True,True,False,True,True,False,False
TEL01101,Low Risk,0.05527503564008897,0,64.0,74.15,4758.94,True,True,False,True,False,False,False,False,False,False,False,False,False,False,False,False,False,False,False,False,True,False,True,False,False,True
TEL01690,Medium Risk,0.44833964674216636,1,36.0,134.54,4852.65,True,True,True,True,False,True,True,False,False,True,False,True,False,True,False,True,False,True,False,True,True,False,True,False,True,False
TEL00728,Low Risk,0.35489090588898725,0,28.0,62.22,1709.91,True,True,False,True,False,True,False,False,False,True,False,False,False,False,False,False,False,False,False,True,False,False,False,False,False,True
TEL00019,Low Risk,0.09711086940569096,0,7.999999999999998,31.0,258.68000000000006,True,True,False,True,False,True,False,True,True,False,True,False,True,False,True,False,True,False,True,False,True,False,True,False,False,True
TEL01286,High Risk,0.7033721879889866,1,57.0,113.77,6515.300000000001,True,False,False,True,False,True,True,False,False,False,False,True,False,True,False,False,False,False,False,False,False,False,False,False,True,False
TEL00663,Low Risk,0.05323720578775536,0,62.99999999999999,34.27,2163.62,False,False,False,True,False,True,False,True,True,False,True,False,True,False,True,False,True,False,True,False,False,False,False,True,False,False
TEL00247,High Risk,0.7845114798738058,0,3.0,119.6,364.99,True,False,False,True,False,False,True,False,False,True,False,True,False,False,False,False,False,True,False,False,False,False,True,True,False,False
TEL01702,Medium Risk,0.4145839538590549,0,62.99999999999999,99.8,6299.050000000001,True,True,True,True,False,True,True,False,False,True,False,True,False,False,False,False,False,False,False,True,False,False,True,True,False,False
TEL01736,Low Risk,0.35730467136141014,0,20.0,20.230000000000004,428.49,False,True,True,True,False,True,False,True,True,False,True,False,True,False,True,False,True,False,True,False,False,False,True,False,True,False
TEL00998,Low Risk,0.06285411808388038,1,54.0,64.74,3523.6099999999997,True,False,False,True,False,False,False,False,False,False,False,True,False,False,False,True,False,False,False,False,True,False,False,False,True,False
TEL01426,High Risk,0.83135401361341,1,0.0,83.7,1077.4,False,False,True,True,False,True,True,False,False,False,False,False,False,True,False,True,False,False,False,False,False,False,True,False,True,False
TEL01442,Low Risk,0.021799305980834932,1,46.0,24.43,1131.18,True,False,False,True,False,False,False,True,True,False,True,False,True,False,True,False,True,False,True,False,False,True,False,False,False,True
TEL00919,High Risk,0.7167135720351935,0,16.0,107.99,1746.2,True,True,False,True,False,True,True,False,False,False,False,False,False,True,False,False,False,False,False,True,False,False,False,False,False,True
TEL00908,Low Risk,0.12581988932046223,0,31.0,120.14,1077.4,False,True,True,True,False,False,True,False,False,False,False,True,False,False,False,True,False,True,False,True,True,False,False,False,False,True
TEL01519,Medium Risk,0.5484495426831516,0,8.999999999999998,74.13,657.8,True,False,True,True,False,False,False,False,False,True,False,True,False,True,False,True,False,True,False,True,False,False,False,False,True,False
TEL00419,Medium Risk,0.5908257090402573,0,28.0,109.45,3074.29,True,True,False,True,False,True,True,False,False,True,False,False,False,False,False,True,False,True,False,True,False,False,False,False,False,True
TEL01584,Medium Risk,0.6753855462170524,0,1.0,94.96,1077.4,True,True,False,True,False,True,False,False,False,True,False,True,False,True,False,False,False,True,False,True,False,False,False,False,False,False
TEL01053,Medium Risk,0.5283816269305536,0,72.0,115.01,8300.32,True,False,True,True,False,False,True,False,False,True,False,True,False,True,False,True,False,True,False,False,False,False,False,False,True,False
TEL01375,Low Risk,0.24240665380909399,0,0.0,77.43,0.0,True,False,True,True,False,True,True,False,False,False,False,True,False,False,False,False,False,False,False,False,False,True,True,False,False,False
TEL01654,Medium Risk,0.6222564531061455,0,0.0,93.45,0.0,True,True,False,True,False,True,True,False,False,False,False,False,False,True,False,True,False,True,False,False,False,False,False,True,False,False
TEL01616,Low Risk,0.2761891381742348,1,13.0,45.55,603.1799999999998,True,False,True,True,False,True,False,False,False,False,False,True,False,False,False,True,False,False,False,True,False,False,True,True,False,False
TEL01705,Low Risk,0.1722407965255824,0,0.0,62.21,0.0,False,True,True,True,False,False,False,False,False,False,False,False,False,False,False,False,False,False,False,True,True,False,False,False,False,True
TEL01153,Low Risk,0.3485221402332067,0,72.0,79.51,5753.290000000001,False,True,True,False,True,False,True,False,False,False,False,False,False,True,False,False,False,False,False,False,False,False,True,False,False,False
TEL00863,Low Risk,0.014934994554745194,0,72.0,47.27,3377.21,False,False,False,True,False,False,False,False,False,True,False,True,False,False,False,False,False,False,False,False,True,False,False,True,False,False
TEL00833,Medium Risk,0.6450065851612805,0,30.0,90.27,2704.58,False,True,False,True,False,True,True,False,False,False,False,False,False,False,False,True,False,False,False,True,False,False,False,False,True,False
TEL00943,Low Risk,0.17899088322257742,1,7.999999999999998,61.23,501.70000000000005,False,True,True,True,False,True,False,False,False,False,False,True,False,False,False,True,False,False,False,True,False,True,True,False,True,False
TEL00269,High Risk,0.7059081891408767,0,22.0,114.55,2521.09,True,True,True,True,False,False,True,False,False,True,False,True,False,False,False,False,False,True,False,False,False,False,False,False,False,False
TEL01681,Low Risk,0.11721280620028718,0,3.0,68.31,210.92000000000007,False,True,True,False,True,False,False,False,False,False,False,False,False,False,False,True,False,True,False,False,True,False,False,False,False,True
TEL00603,High Risk,0.722344146616101,1,9.999999999999998,62.0,596.23,True,True,False,True,False,False,False,False,False,True,False,False,False,True,False,False,False,True,False,False,False,False,False,False,True,False
TEL01115,Low Risk,0.3523230952095159,0,10.999999999999998,102.12,1155.36,True,False,False,True,False,False,True,False,False,False,False,True,False,False,False,True,False,True,False,True,True,False,False,False,True,False
TEL01057,Medium Risk,0.4514937353129546,0,27.0,103.02,2762.64,True,True,False,True,False,False,True,False,False,True,False,False,False,False,False,False,False,True,False,True,False,True,True,False,True,False
TEL01019,Medium Risk,0.699310293166633,0,10.999999999999998,115.65,1266.23,False,True,True,True,False,True,True,False,False,True,False,False,False,False,False,False,False,False,False,True,False,False,False,True,False,False
TEL00613,Low Risk,0.17298121655595136,0,72.0,68.11,4894.04,False,True,True,True,False,False,False,False,False,False,False,False,False,False,False,False,False,True,False,True,False,False,True,False,False,False
TEL01448,Medium Risk,0.6619822106192534,0,35.0,95.88,3330.45,False,True,True,False,True,False,True,False,False,False,False,True,False,False,False,True,False,False,False,False,False,False,True,False,True,False
TEL00621,Medium Risk,0.6224469054127165,0,72.0,120.86,8720.11,False,True,False,True,False,True,True,False,False,True,False,False,False,True,False,True,False,False,False,False,False,False,False,False,True,False
TEL00186,Low Risk,0.0476275956290535,0,39.0,70.6,2732.94,False,True,False,True,False,True,False,False,False,True,False,True,False,True,False,True,False,True,False,True,False,True,True,True,False,False
TEL01742,Low Risk,0.298223401902163,0,5.0,103.86,551.22,True,True,False,True,False,False,True,False,False,True,False,True,False,False,False,True,False,True,False,False,True,False,False,False,False,False
TEL00387,Low Risk,0.0945349819381953,0,52.0,83.55,4355.38,False,False,True,True,False,False,False,False,False,True,False,False,False,False,False,True,False,True,False,False,True,False,True,False,True,False
TEL00023,Medium Risk,0.4970696408422004,0,11.999999999999998,94.99,1123.88,True,True,True,True,False,False,False,False,False,True,False,False,False,True,False,True,False,True,False,True,False,False,False,False,False,False
TEL00862,Medium Risk,0.5752892727645147,0,2.0,68.68,103.71000000000004,False,False,True,True,False,True,False,False,False,True,False,True,False,False,False,True,False,False,False,False,False,False,True,False,True,False
TEL00999,Low Risk,0.16754950764593213,0,52.0,113.03,5846.42,False,False,True,True,False,True,True,False,False,True,False,False,False,True,False,False,False,True,False,False,True,False,True,True,False,False
TEL01237,Low Risk,0.04977113222130107,0,72.0,23.439999999999998,1667.36,False,True,True,True,False,False,False,True,True,False,True,False,True,False,True,False,True,False,True,False,False,False,True,False,False,True
TEL01686,Low Risk,0.12261593391349229,0,72.0,43.45,3129.87,True,False,True,True,False,True,False,False,False,False,False,True,False,False,False,False,False,False,False,True,False,False,True,False,True,False
TEL01243,Low Risk,0.023491499985528737,1,51.0,30.21,1539.36,True,False,False,True,False,False,False,True,True,False,True,False,True,False,True,False,True,False,True,False,True,False,False,False,False,True
TEL00313,Low Risk,0.31995334370499195,1,19.0,102.39,1914.21,True,False,False,True,False,True,True,False,False,False,False,True,False,False,False,False,False,True,False,True,True,False,True,False,False,False
TEL01737,Low Risk,0.21009989118424308,0,16.0,106.81,1729.58,True,True,False,True,False,True,True,False,False,True,False,True,False,True,False,True,False,True,False,True,False,True,False,False,False,True
TEL00778,Low Risk,0.06314624482011515,0,9.999999999999998,22.33,242.83999999999992,False,True,False,True,False,True,False,True,True,False,True,False,True,False,True,False,True,False,True,False,False,True,True,True,False,False
TEL00800,Low Risk,0.324742997105561,0,6.999999999999998,93.0,685.48,True,False,True,True,False,True,True,False,False,True,False,False,False,True,False,False,False,False,False,True,True,False,True,False,False,False
TEL00076,Medium Risk,0.4256381056636838,0,7.999999999999998,50.7,383.6500000000001,True,False,False,True,False,False,False,False,False,False,False,True,False,False,False,False,False,True,False,True,False,False,False,False,False,True
TEL00436,Medium Risk,0.6643442100335532,1,10.999999999999998,74.63,844.13,True,False,False,True,False,True,False,False,False,False,False,False,False,True,False,False,False,True,False,False,False,False,False,False,True,False
TEL01290,Low Risk,0.20936248413000094,0,65.0,104.28,6803.060000000001,True,False,False,True,False,True,True,False,False,True,False,True,False,True,False,False,False,True,False,True,True,False,False,False,True,False
TEL00860,Low Risk,0.0882328016024353,0,3.0,18.439999999999998,23.3599999999999,False,True,True,False,True,False,False,True,True,False,True,False,True,False,True,False,True,False,True,False,True,False,True,True,False,False
TEL01774,Low Risk,0.13073254530215556,0,28.0,76.92,2122.98,False,True,False,True,False,True,False,False,False,True,False,True,False,False,False,False,False,False,False,True,True,False,True,False,False,False
TEL01274,Low Risk,0.09672437011087719,0,48.0,95.74,4577.26,False,False,False,True,False,False,True,False,False,False,False,True,False,True,False,True,False,False,False,True,True,False,False,True,False,False
TEL00935,Low Risk,0.01110667424191271,1,72.0,27.700000000000003,2012.1,True,True,True,True,False,True,False,True,True,False,True,False,True,False,True,False,True,False,True,False,True,False,True,False,False,False
TEL00962,Low Risk,0.1484481092121352,0,1.0,21.480000000000004,29.829999999999927,False,False,True,True,False,False,False,True,True,False,True,False,True,False,True,False,True,False,True,False,True,False,False,False,True,False
TEL01271,Low Risk,0.04146906558619627,0,72.0,24.010000000000005,1700.45,False,True,True,True,False,False,False,True,True,False,True,False,True,False,True,False,True,False,True,False,False,False,False,False,False,True
TEL00273,Medium Risk,0.47516292084794676,0,47.0,93.29,4349.82,False,True,True,True,False,True,True,False,False,True,False,True,False,True,False,False,False,False,False,False,False,False,True,True,False,False
TEL01775,Low Risk,0.0521024729262212,0,10.999999999999998,26.08,315.52,True,False,False,True,False,True,False,True,True,False,True,False,True,False,True,False,True,False,True,False,True,False,False,True,False,False
TEL00284,Medium Risk,0.5768139262628281,0,72.0,113.84,8222.64,True,False,False,True,False,True,True,False,False,False,False,False,False,True,False,True,False,False,False,True,False,False,True,False,True,False
TEL01484,Medium Risk,0.6685930080928256,1,61.0,108.06,6586.140000000001,False,False,True,True,False,False,True,False,False,True,False,False,False,True,False,True,False,True,False,True,False,False,True,False,True,False
TEL00600,Low Risk,0.1391078199197593,0,67.0,67.27,4532.58,True,True,False,True,False,True,False,False,False,True,False,False,False,False,False,True,False,True,False,False,False,False,True,False,False,True
TEL00304,Medium Risk,0.4403686977006849,1,2.0,33.01,79.29999999999995,False,True,False,True,False,True,False,True,True,False,True,False,True,False,True,False,True,False,True,False,False,False,False,False,False,True
TEL00488,Medium Risk,0.6524012474455114,0,16.0,117.59,1851.18,True,False,True,True,False,True,True,False,False,False,False,True,False,False,False,False,False,True,False,True,False,False,True,True,False,False
TEL00238,Medium Risk,0.5680269137681102,1,18.0,56.05,995.8,False,True,False,False,True,False,False,False,False,True,False,False,False,False,False,False,False,False,False,True,False,False,True,False,False,False
TEL01606,Low Risk,0.07686401537826094,0,24.0,86.56,2102.26,True,False,False,True,False,True,False,False,False,False,False,True,False,False,False,True,False,False,False,True,True,False,True,True,False,False
TEL00300,Medium Risk,0.6048312317099291,0,41.0,131.4,5369.74,False,True,False,True,False,True,True,False,False,False,False,True,False,True,False,True,False,True,False,False,False,False,False,False,False,False
TEL00591,Low Risk,0.04011872507180517,1,48.0,58.89,2836.12,True,True,False,True,False,True,False,False,False,True,False,True,False,True,False,True,False,False,False,False,True,False,False,False,False,True
TEL01618,Low Risk,0.2352425288750679,0,6.0,53.59,350.0999999999999,True,False,True,True,False,False,False,False,False,False,False,False,False,False,False,False,False,False,False,False,True,False,True,False,True,False
TEL00726,Low Risk,0.32562724818709565,0,26.0,126.3,3317.84,True,False,True,True,False,False,True,False,False,True,False,True,False,True,False,True,False,False,False,False,False,True,False,False,True,False
TEL00764,Low Risk,0.23700552783265252,0,43.0,52.33,2243.15,True,True,False,True,False,False,False,False,False,False,False,True,False,False,False,False,False,False,False,True,False,False,False,False,False,False
TEL00451,Medium Risk,0.6145384611640395,0,13.0,90.93,1189.18,False,True,False,True,False,True,False,False,False,True,False,True,False,True,False,True,False,False,False,True,False,False,False,False,True,False
TEL00876,High Risk,0.8054426216321184,0,22.0,108.21,2365.22,True,True,True,True,False,True,True,False,False,True,False,True,False,False,False,False,False,False,False,False,False,False,True,False,True,False
TEL00520,Low Risk,0.24838268031802332,0,72.0,77.22,5570.09,False,True,True,True,False,False,True,False,False,False,False,False,False,True,False,False,False,False,False,False,False,False,False,True,False,False
TEL00044,Medium Risk,0.4470220639551944,0,24.0,77.6,1863.69,False,False,False,True,False,True,False,False,False,True,False,True,False,True,False,False,False,False,False,False,False,False,True,False,False,True
TEL00022,Medium Risk,0.4961623441795326,0,11.999999999999998,31.799999999999997,368.79999999999995,False,True,False,True,False,False,False,True,True,False,True,False,True,False,True,False,True,False,True,False,False,False,False,False,True,False
TEL01650,Low Risk,0.33471239445010403,0,43.0,48.56,2072.85,True,False,True,True,False,False,False,False,False,False,False,False,False,False,False,False,False,True,False,True,False,False,True,False,True,False
TEL00583,Low Risk,0.23031855823413122,1,72.0,69.89,5002.26,True,False,True,False,True,False,False,False,False,True,False,True,False,True,False,True,False,True,False,False,False,False,True,False,True,False
TEL01181,Low Risk,0.14278980056657414,0,54.0,115.38,6195.950000000001,True,True,False,True,False,True,True,False,False,True,False,True,False,False,False,True,False,True,False,False,False,True,True,False,False,True
TEL01750,Low Risk,0.3251697021712394,0,16.0,82.17,1342.48,True,True,False,True,False,True,False,False,False,False,False,True,False,False,False,True,False,False,False,False,False,False,False,True,False,False
TEL00259,Low Risk,0.31264864943904774,0,3.0,19.450000000000003,34.0,True,False,True,True,False,False,False,True,True,False,True,False,True,False,True,False,True,False,True,False,False,False,False,False,False,True
TEL00185,High Risk,0.7838553142936411,0,21.0,117.45,2471.2,False,False,True,False,True,False,True,False,False,False,False,False,False,True,False,True,False,False,False,False,False,False,True,False,True,False
TEL00795,Low Risk,0.2255045034111466,0,24.0,28.1,677.9200000000001,False,False,False,True,False,True,False,True,True,False,True,False,True,False,True,False,True,False,True,False,False,False,True,False,False,True
TEL01568,Medium Risk,0.6014659440298114,0,32.0,85.44,2727.41,True,True,True,True,False,False,True,False,False,False,False,False,False,False,False,False,False,False,False,False,False,False,True,False,False,False
TEL00966,Low Risk,0.3327456278077541,0,1.0,34.98,16.710000000000036,True,False,True,True,False,True,False,True,True,False,True,False,True,False,True,False,True,False,True,False,False,False,True,True,False,False
TEL00261,Medium Risk,0.5049217552411954,0,0.0,74.42,0.0,True,False,False,True,False,True,False,False,False,True,False,False,False,False,False,True,False,True,False,True,False,False,True,False,False,True
TEL01626,Low Risk,0.1036063574080336,0,22.0,59.73,1288.23,True,False,True,True,False,False,False,False,False,False,False,True,False,True,False,True,False,True,False,False,False,True,True,False,True,False
TEL00154,High Risk,0.7193537519334038,0,13.0,80.5,1035.29,True,False,False,True,False,False,True,False,False,True,False,False,False,False,False,False,False,False,False,False,False,False,True,False,False,False
TEL00183,Low Risk,0.009942630756531266,0,72.0,32.16,2348.77,False,True,True,True,False,False,False,True,True,False,True,False,True,False,True,False,True,False,True,False,True,False,False,False,False,False
TEL01301,Medium Risk,0.6914116811418705,0,32.0,101.38,3222.95,True,False,True,True,False,True,True,False,False,True,False,True,False,False,False,False,False,False,False,True,False,False,False,False,True,False
TEL01657,Low Risk,0.35803559150612746,1,7.999999999999998,30.299999999999997,224.49,False,False,True,False,True,False,False,True,True,False,True,False,True,False,True,False,True,False,True,False,False,False,True,True,False,False
TEL00698,Low Risk,0.2222101566554577,0,19.0,19.03,336.3399999999999,False,True,False,True,False,True,False,True,True,False,True,False,True,False,True,False,True,False,True,False,False,False,False,False,False,True
TEL01328,High Risk,0.7214076975175006,0,4.0,96.21,378.51,False,False,True,True,False,False,True,False,False,False,False,True,False,False,False,False,False,True,False,False,False,False,True,False,False,True
TEL00377,Low Risk,0.30984506925557703,0,6.999999999999998,33.28,212.86000000000013,False,True,True,True,False,True,False,True,True,False,True,False,True,False,True,False,True,False,True,False,False,False,False,False,False,True
TEL00491,Low Risk,0.03848635176065056,0,61.0,84.85,5189.59,True,False,False,True,False,True,False,False,False,False,False,True,False,False,False,False,False,False,False,True,False,True,False,False,False,True
TEL00532,High Risk,0.8684299337451216,0,6.0,87.56,560.1100000000001,False,False,False,True,False,False,True,False,False,True,False,False,False,True,False,False,False,True,False,True,False,False,True,False,True,False
TEL00938,Low Risk,0.14171484446447183,0,31.0,84.58,2600.38,True,False,False,True,False,False,True,False,False,True,False,True,False,False,False,False,False,True,False,True,False,True,False,True,False,False
TEL01060,Low Risk,0.37466789523158506,0,4.0,94.31,411.23,False,True,True,True,False,False,True,False,False,False,False,False,False,False,False,True,False,True,False,False,True,False,False,False,True,False
TEL00993,Medium Risk,0.5607475100927968,1,9.999999999999998,117.13,1159.01,False,False,False,True,False,False,True,False,False,True,False,False,False,True,False,False,False,True,False,False,False,True,False,False,True,False
TEL01223,Low Risk,0.2775809807472811,0,22.0,121.71,2650.14,False,False,True,False,True,False,True,False,False,True,False,False,False,False,False,False,False,False,False,True,True,False,False,True,False,False
TEL00128,Low Risk,0.13122911652019928,0,13.0,87.59,1109.88,False,False,False,True,False,False,False,False,False,True,False,True,False,True,False,True,False,True,False,True,True,False,True,True,False,False
TEL00309,Medium Risk,0.4036158178482813,0,25.0,34.39,893.91,False,True,True,False,True,False,False,True,True,False,True,False,True,False,True,False,True,False,True,False,False,False,True,False,True,False
TEL01400,Medium Risk,0.6272077678419314,0,2.0,73.27,158.03999999999996,True,True,False,True,False,True,False,False,False,True,False,False,False,True,False,False,False,True,False,True,False,False,True,False,False,True
TEL01148,Medium Risk,0.5855872403962656,1,45.0,81.83,3669.24,False,True,False,False,True,False,True,False,False,False,False,True,False,False,False,True,False,True,False,False,False,False,False,False,True,False
TEL00441,Low Risk,0.15816407829269916,0,58.0,60.24,3499.95,True,False,False,True,False,False,False,False,False,True,False,False,False,False,False,True,False,False,False,False,False,False,True,False,False,True
TEL01221,Medium Risk,0.6147078206205299,1,2.0,25.090000000000003,48.47000000000003,True,True,False,True,False,False,False,True,True,False,True,False,True,False,True,False,True,False,True,False,False,False,False,False,True,False
TEL00859,Low Risk,0.2004345231690468,0,64.0,81.37,5189.25,False,False,True,True,False,True,False,False,False,False,False,True,False,True,False,False,False,False,False,False,False,False,True,False,False,False
TEL01714,High Risk,0.7432497577916477,0,5.0,111.25,555.21,False,True,True,True,False,True,True,False,False,False,False,False,False,True,False,False,False,False,False,True,False,False,True,True,False,False
TEL00523,Medium Risk,0.4275908841506072,0,38.0,71.14,2732.52,True,True,False,True,False,True,False,False,False,True,False,True,False,True,False,True,False,True,False,True,False,False,True,False,True,False
TEL01502,Low Risk,0.09159296354136222,0,4.0,31.560000000000002,92.81999999999994,False,False,True,True,False,False,False,True,True,False,True,False,True,False,True,False,True,False,True,False,False,True,True,False,False,False
TEL01142,Low Risk,0.1798117113870854,0,59.0,125.06,7405.35,False,True,False,True,False,True,True,False,False,True,False,True,False,True,False,True,False,False,False,False,False,True,True,False,False,False
TEL01591,Low Risk,0.058886229538614505,0,11.999999999999998,69.67,856.0,True,False,False,True,False,True,False,False,False,False,False,True,False,False,False,True,False,True,False,True,False,True,False,True,False,False
TEL00841,Medium Risk,0.5764959264857196,0,6.0,84.58,531.5999999999999,True,False,False,True,False,False,False,False,False,False,False,False,False,True,False,False,False,True,False,True,False,False,True,True,False,False
TEL01356,Low Risk,0.3532354403735336,0,7.999999999999998,46.2,362.1600000000001,False,True,True,True,False,False,False,False,False,False,False,False,False,True,False,True,False,True,False,False,False,False,True,True,False,False
TEL00413,Medium Risk,0.48534388424570507,0,1.0,33.63,47.799999999999955,True,True,False,True,False,False,False,True,True,False,True,False,True,False,True,False,True,False,True,False,False,False,True,False,False,True
TEL00576,Low Risk,0.05705056518143256,0,49.0,51.52,2557.34,False,True,False,True,False,True,False,False,False,True,False,False,False,False,False,True,False,True,False,True,False,True,True,False,True,False
TEL00949,Low Risk,0.34858667811228594,0,39.0,79.32,3118.62,True,True,True,True,False,True,False,False,False,False,False,True,False,True,False,True,False,False,False,True,False,False,False,False,True,False
TEL01673,Medium Risk,0.5157946217052999,0,25.0,96.43,2414.12,False,True,False,True,False,False,False,False,False,False,False,True,False,True,False,False,False,True,False,True,False,False,False,False,False,True
TEL00197,Low Risk,0.054481811782490265,0,47.0,80.51,3789.7,True,False,True,True,False,True,False,False,False,False,False,False,False,True,False,False,False,False,False,True,True,False,False,False,False,True
TEL00513,Low Risk,0.11964182255707843,0,31.0,84.78,2620.08,True,False,True,True,False,True,False,False,False,True,False,True,False,False,False,True,False,True,False,False,True,False,True,False,True,False
TEL00440,High Risk,0.779871885066445,0,15.0,90.06,1365.58,False,False,False,True,False,True,True,False,False,True,False,True,False,True,False,False,False,False,False,True,False,False,False,False,True,False
TEL01132,Low Risk,0.22435785184795387,0,33.0,124.77,4099.03,False,False,False,True,False,False,True,False,False,True,False,False,False,False,False,True,False,True,False,True,False,True,False,False,False,False
TEL00357,Low Risk,0.18519516152195248,0,33.0,31.730000000000004,1054.35,False,False,False,True,False,False,False,True,True,False,True,False,True,False,True,False,True,False,True,False,False,False,False,False,False,False
TEL01637,Low Risk,0.32976532981502177,0,11.999999999999998,96.54,1180.65,False,True,False,True,False,True,True,False,False,False,False,True,False,True,False,False,False,True,False,False,True,False,True,False,False,False
TEL00668,Low Risk,0.16136416332242662,0,34.0,84.9,2914.81,True,True,False,True,False,False,True,False,False,True,False,False,False,False,False,False,False,True,False,True,False,True,False,True,False,False
TEL00736,High Risk,0.7602496211981069,0,21.0,96.2,2016.59,True,False,False,True,False,True,True,False,False,True,False,True,False,True,False,False,False,False,False,False,False,False,False,False,True,False
TEL00510,Low Risk,0.07570022398206207,0,72.0,104.05,7499.08,True,True,True,True,False,True,True,False,False,False,False,False,False,True,False,True,False,True,False,True,True,False,False,False,False,False
TEL00822,Medium Risk,0.5520645586894989,0,3.0,34.18,116.16000000000008,True,False,False,True,False,True,False,True,True,False,True,False,True,False,True,False,True,False,True,False,False,False,True,False,True,False
TEL00351,Low Risk,0.030795832537389142,0,49.0,72.18,3527.0,True,False,False,True,False,True,False,False,False,True,False,True,False,True,False,True,False,True,False,True,True,False,False,True,False,False
TEL01322,Medium Risk,0.4888682022426702,0,13.0,64.72,807.8,True,True,True,True,False,False,False,False,False,False,False,True,False,True,False,False,False,True,False,False,False,False,True,False,False,False
TEL01712,High Risk,0.7267491950546341,0,25.0,102.57,2576.11,True,False,True,True,False,True,True,False,False,True,False,True,False,False,False,False,False,False,False,True,False,False,False,False,True,False
TEL01089,Low Risk,0.033700418553227196,0,26.0,19.730000000000004,498.28999999999996,False,False,True,True,False,False,False,True,True,False,True,False,True,False,True,False,True,False,True,False,True,False,False,False,False,True
TEL01114,Medium Risk,0.49255971629417256,0,25.0,77.36,1902.99,True,True,False,True,False,False,False,False,False,False,False,True,False,True,False,False,False,False,False,True,False,False,True,False,False,True
TEL00890,Medium Risk,0.5804350626248119,0,5.0,80.58,413.28999999999996,False,False,False,True,False,True,True,False,False,True,False,True,False,False,False,True,False,True,False,False,False,False,False,False,False,False
TEL00234,Medium Risk,0.4439732929173624,0,58.0,83.52,4816.85,False,False,False,True,False,False,False,False,False,False,False,True,False,True,False,False,False,False,False,True,False,False,True,False,True,False
TEL01257,Low Risk,0.07419129082416076,0,10.999999999999998,29.11,335.8699999999999,True,True,True,True,False,True,False,True,True,False,True,False,True,False,True,False,True,False,True,False,True,False,True,False,False,True
TEL00590,Low Risk,0.3703494814891682,0,2.0,86.97,144.18000000000006,True,False,True,True,False,True,True,False,False,True,False,False,False,False,False,True,False,False,False,True,True,False,True,False,True,False
TEL01538,Medium Risk,0.6126320454525929,0,13.0,93.32,1194.26,True,True,False,True,False,True,True,False,False,True,False,True,False,True,False,True,False,False,False,False,False,False,False,False,False,False
TEL00609,High Risk,0.7900224043222689,0,1.0,118.36,107.45000000000005,True,True,False,False,True,False,True,False,False,True,False,True,False,True,False,True,False,True,False,True,False,False,True,False,False,True
TEL00416,Low Risk,0.1983480666593032,0,53.0,65.0,3437.63,True,True,True,True,False,False,False,False,False,True,False,False,False,False,False,True,False,True,False,True,False,False,True,False,False,False
TEL01331,Low Risk,0.013155342487465933,0,52.0,33.58,1077.4,False,False,True,True,False,True,False,True,True,False,True,False,True,False,True,False,True,False,True,False,True,False,False,False,False,False
TEL00155,Medium Risk,0.454876445997171,0,18.0,75.15,1357.29,False,False,False,True,False,False,False,False,False,False,False,False,False,False,False,False,False,True,False,True,False,False,False,False,False,True
TEL00420,Medium Risk,0.5021216501527124,0,6.0,75.77,438.19000000000005,False,True,False,True,False,False,False,False,False,False,False,True,False,False,False,True,False,False,False,False,False,False,True,False,False,True
TEL00977,High Risk,0.702618625040221,0,31.0,102.67,3207.77,False,False,True,True,False,True,True,False,False,False,False,False,False,True,False,False,False,True,False,False,False,False,False,False,True,False
TEL01778,Low Risk,0.14057343295875846,0,0.0,56.94,0.0,False,True,True,True,False,False,False,False,False,False,False,False,False,False,False,True,False,True,False,True,True,False,True,False,False,True
TEL01201,Low Risk,0.3410043560525748,0,31.0,126.14,3910.81,True,True,True,True,False,True,True,False,False,False,False,False,False,True,False,True,False,True,False,True,False,True,True,False,True,False
TEL00350,High Risk,0.7488772876369818,0,3.0,85.2,286.1500000000001,False,True,False,True,False,False,True,False,False,False,False,False,False,True,False,False,False,True,False,False,False,False,False,False,False,True
TEL01033,Low Risk,0.27562360333854075,0,3.0,81.08,249.52999999999997,False,True,True,True,False,True,True,False,False,False,False,False,False,True,False,False,False,False,False,True,True,False,False,False,False,True
TEL00817,Low Risk,0.263039201454327,0,16.0,53.84,872.63,False,True,False,True,False,True,False,False,False,False,False,True,False,True,False,True,False,False,False,False,False,False,False,True,False,False
TEL00338,Medium Risk,0.5635091426509476,0,41.0,98.29,4007.43,True,False,True,True,False,True,True,False,False,True,False,False,False,True,False,False,False,False,False,True,False,False,True,False,False,True
TEL00021,Low Risk,0.34435889394187885,1,10.999999999999998,100.19,1108.56,False,True,False,True,False,False,True,False,False,True,False,False,False,True,False,True,False,True,False,True,True,False,True,True,False,False
TEL01255,High Risk,0.7986056933844572,0,4.0,103.43,393.3399999999999,True,True,True,False,True,False,True,False,False,True,False,False,False,False,False,False,False,False,False,False,False,False,True,False,False,False
TEL01477,Low Risk,0.10248091283934822,0,57.0,33.56,1943.27,False,True,False,True,False,True,False,True,True,False,True,False,True,False,True,False,True,False,True,False,False,False,True,False,False,True
TEL00916,High Risk,0.7007153986349861,0,19.0,82.64,1568.55,False,True,False,True,False,True,False,False,False,True,False,False,False,True,False,False,False,True,False,True,False,False,True,False,True,False
TEL01038,Low Risk,0.09799003163883449,0,6.999999999999998,24.480000000000004,181.98000000000002,True,True,False,True,False,True,False,True,True,False,True,False,True,False,True,False,True,False,True,False,True,False,True,False,False,False
TEL00148,Low Risk,0.30896128452030464,0,2.0,111.69,190.07999999999993,True,False,False,True,False,True,True,False,False,False,False,False,False,True,False,False,False,False,False,False,False,True,False,False,False,True
TEL00192,Medium Risk,0.44521483777875387,0,4.0,56.91,213.3499999999999,True,True,False,True,False,True,False,False,False,False,False,False,False,True,False,True,False,True,False,False,False,False,True,False,False,True
TEL01512,Low Risk,0.16896172227729228,0,27.0,80.28,2146.66,True,False,True,False,True,False,True,False,False,False,False,False,False,False,False,False,False,False,False,True,True,False,True,True,False,False
TEL01168,High Risk,0.7950648132565384,0,0.0,126.24,0.0,False,True,True,True,False,True,True,False,False,False,False,True,False,False,False,True,False,True,False,False,False,False,False,False,True,False
TEL01105,Medium Risk,0.5170527563419843,0,52.0,87.55,4533.3,True,True,False,True,False,False,True,False,False,False,False,True,False,False,False,True,False,False,False,False,False,False,False,False,True,False
TEL00573,Low Risk,0.08070190634534394,0,36.0,74.62,2695.73,False,False,False,True,False,False,False,False,False,True,False,False,False,False,False,False,False,True,False,True,False,True,False,False,False,True
TEL01642,Low Risk,0.06447367446674243,0,24.0,24.510000000000005,596.2,True,True,False,True,False,False,False,True,True,False,True,False,True,False,True,False,True,False,True,False,True,False,True,False,False,False
TEL01747,Medium Risk,0.5390946883194963,0,21.0,102.8,2142.13,True,False,True,False,True,False,True,False,False,True,False,False,False,True,False,True,False,True,False,True,False,False,False,True,False,False
TEL00579,Low Risk,0.16067781229100733,0,19.0,78.34,1477.45,True,False,False,True,False,False,False,False,False,False,False,True,False,True,False,True,False,False,False,True,True,False,False,False,True,False
TEL01759,Low Risk,0.38651323693234413,0,25.0,81.52,2025.0,True,True,True,True,False,True,False,False,False,True,False,True,False,False,False,False,False,True,False,False,False,False,False,False,False,False
TEL00640,High Risk,0.7853055915429439,0,7.999999999999998,123.23,972.63,True,False,False,True,False,False,True,False,False,True,False,True,False,True,False,False,False,True,False,False,False,False,True,True,False,False
TEL01633,Low Risk,0.13119142356002134,0,65.0,54.58,3542.67,False,False,False,True,False,False,False,False,False,True,False,False,False,True,False,True,False,False,False,False,False,False,True,False,False,False
TEL00594,Low Risk,0.18955719457313702,0,41.0,101.22,4140.97,False,False,False,True,False,False,True,False,False,True,False,False,False,False,False,False,False,False,False,True,False,True,False,False,False,True
TEL00758,High Risk,0.8361150901330168,0,8.999999999999998,124.82,1143.8,True,False,True,False,True,False,True,False,False,True,False,False,False,False,False,True,False,True,False,True,False,False,True,False,True,False
TEL00032,High Risk,0.7457152284039444,0,4.0,81.82,330.9200000000001,False,False,False,True,False,False,True,False,False,False,False,False,False,False,False,False,False,True,False,True,False,False,True,False,False,True
TEL00210,Low Risk,0.1887359863713916,0,16.0,100.3,1576.54,True,True,False,True,False,True,True,False,False,False,False,False,False,True,False,True,False,False,False,False,False,True,False,False,False,True
TEL01577,Medium Risk,0.4648129925563704,1,52.0,78.79,4071.97,False,True,False,True,False,True,False,False,False,False,False,False,False,True,False,False,False,True,False,True,False,False,False,False,True,False
TEL00331,Low Risk,0.1395560364274052,0,4.0,71.98,266.74,True,True,True,True,False,False,False,False,False,True,False,True,False,True,False,True,False,True,False,True,False,True,True,False,False,False
TEL01580,Low Risk,0.09380828614973918,0,16.0,76.75,1207.07,True,False,True,True,False,False,False,False,False,False,False,False,False,True,False,False,False,False,False,True,False,True,False,True,False,False
TEL00953,Low Risk,0.11495409296553823,0,33.0,107.42,3576.1499999999996,False,True,True,True,False,True,True,False,False,False,False,False,False,False,False,True,False,True,False,True,False,True,False,True,False,False
TEL01188,Medium Risk,0.6865840752088718,0,53.0,104.12,5492.710000000001,False,True,False,True,False,False,True,False,False,False,False,True,False,False,False,False,False,False,False,False,False,False,False,False,True,False
TEL00327,Low Risk,0.045374254037904245,0,20.0,23.620000000000005,450.02,False,True,False,True,False,True,False,True,True,False,True,False,True,False,True,False,True,False,True,False,False,True,False,False,False,False
TEL01516,Low Risk,0.1852662121400927,0,31.0,88.57,2739.22,False,True,False,False,True,False,False,False,False,False,False,True,False,False,False,False,False,True,False,True,False,True,False,False,True,False
TEL00626,Low Risk,0.23383480283924954,0,16.0,102.65,1620.59,False,False,False,True,False,True,True,False,False,True,False,True,False,False,False,False,False,False,False,True,True,False,False,True,False,False
TEL01294,Low Risk,0.1462491491740385,0,27.0,94.57,2549.0,False,False,True,True,False,True,True,False,False,False,False,True,False,True,False,False,False,True,False,True,True,False,False,True,False,False
TEL01051,Medium Risk,0.6051304768707232,0,26.0,87.71,2313.24,False,True,True,True,False,False,True,False,False,False,False,True,False,True,False,False,False,False,False,True,False,False,False,False,False,False
TEL01118,Medium Risk,0.6050993161803258,0,38.0,91.42,3508.3900000000003,False,False,False,False,True,False,True,False,False,False,False,False,False,False,False,True,False,True,False,False,False,False,False,False,True,False
TEL00306,Low Risk,0.18208886877054614,0,64.0,63.9,4106.57,True,False,True,True,False,True,False,False,False,True,False,True,False,True,False,True,False,True,False,False,False,False,True,False,True,False
TEL00752,Low Risk,0.06744737362424792,0,17.0,53.27,919.79,False,False,False,True,False,False,False,False,False,True,False,True,False,True,False,True,False,False,False,False,False,True,False,False,False,True
TEL01305,Low Risk,0.29845709081898397,0,8.999999999999998,93.17,870.21,True,True,False,True,False,False,True,False,False,False,False,False,False,False,False,False,False,True,False,False,False,True,False,False,False,False
TEL00642,Medium Risk,0.6576131020574365,0,18.0,100.11,1780.74,True,True,False,True,False,True,True,False,False,True,False,False,False,True,False,False,False,True,False,False,False,False,False,True,False,False
TEL01215,Low Risk,0.2249132158901854,1,41.0,113.52,4674.88,False,True,True,True,False,True,True,False,False,True,False,False,False,False,False,True,False,False,False,True,True,False,True,False,False,True
TEL00090,Low Risk,0.02575191811568408,0,42.0,18.18,747.81,False,True,False,True,False,False,False,True,True,False,True,False,True,False,True,False,True,False,True,False,False,True,True,False,False,True
TEL01241,Low Risk,0.16978251855447357,0,7.999999999999998,79.73,654.6399999999999,True,True,True,True,False,False,False,False,False,False,False,True,False,True,False,False,False,True,False,False,False,True,True,False,False,False
TEL00493,Low Risk,0.20231601215109224,0,3.0,81.85,240.80999999999995,False,True,True,True,False,False,False,False,False,True,False,False,False,False,False,False,False,True,False,False,True,False,True,True,False,False
TEL00847,Low Risk,0.16422577208297243,0,4.0,75.85,277.26,False,True,False,True,False,True,False,False,False,False,False,True,False,True,False,False,False,True,False,False,True,False,False,False,False,True
TEL00578,Low Risk,0.30497317397900686,0,6.0,106.99,653.5699999999999,False,True,True,True,False,True,True,False,False,True,False,False,False,False,False,False,False,True,False,True,False,True,False,False,False,False
TEL00885,Medium Risk,0.47561019190515513,0,11.999999999999998,106.97,1282.82,False,True,False,True,False,False,True,False,False,False,False,False,False,False,False,False,False,False,False,True,False,True,False,False,True,False
TEL00995,High Risk,0.7053861989353988,0,10.999999999999998,101.86,1137.46,True,True,True,True,False,False,True,False,False,False,False,False,False,False,False,False,False,False,False,False,False,False,False,False,False,True
TEL00450,Low Risk,0.36016646390669566,1,15.0,24.71,379.03,True,True,False,True,False,True,False,True,True,False,True,False,True,False,True,False,True,False,True,False,False,False,True,False,False,False
TEL01769,Medium Risk,0.6561481163165649,0,16.0,132.6,2131.38,True,True,True,True,False,True,True,False,False,False,False,True,False,True,False,True,False,True,False,True,False,False,True,True,False,False
TEL00504,High Risk,0.8054689534434222,0,19.0,111.84,2151.52,True,True,True,True,False,False,True,False,False,True,False,True,False,True,False,True,False,False,False,True,False,False,True,False,True,False
TEL00137,Low Risk,0.322713890287928,0,7.999999999999998,113.46,914.7,False,False,False,True,False,False,True,False,False,False,False,True,False,True,False,False,False,True,False,False,False,True,False,False,False,False
TEL01596,Low Risk,0.12380343648959033,0,72.0,88.21,6360.85,True,True,False,True,False,False,False,False,False,True,False,True,False,True,False,False,False,False,False,True,True,False,True,False,True,False
TEL00592,Medium Risk,0.5574124610480778,1,3.0,76.25,220.03999999999996,False,True,True,True,False,False,False,False,False,False,False,True,False,True,False,False,False,False,False,True,False,False,False,True,False,False
TEL00928,Low Risk,0.21003903966931642,0,6.999999999999998,106.29,727.7699999999999,True,False,True,True,False,False,True,False,False,True,False,True,False,False,False,True,False,True,False,False,False,True,False,False,False,False
TEL00700,Low Risk,0.2738406472908432,1,0.0,105.25,0.0,False,False,True,True,False,False,True,False,False,True,False,True,False,True,False,True,False,True,False,False,True,False,False,True,False,False
TEL01178,Low Risk,0.2721702614365978,1,43.0,33.62,1452.92,True,False,False,True,False,True,False,True,True,False,True,False,True,False,True,False,True,False,True,False,False,False,True,False,True,False
TEL01018,Low Risk,0.11109890265022888,1,49.0,21.85,1068.02,False,True,True,False,True,False,False,True,True,False,True,False,True,False,True,False,True,False,True,False,False,False,True,True,False,False
TEL00198,Low Risk,0.2999883200299555,0,17.0,27.939999999999998,505.6700000000001,True,True,False,True,False,False,False,True,True,False,True,False,True,False,True,False,True,False,True,False,False,False,False,False,False,False
TEL01024,Low Risk,0.12338281235803732,0,41.0,31.36,1261.65,False,False,True,True,False,True,False,True,True,False,True,False,True,False,True,False,True,False,True,False,False,False,True,False,False,True
TEL01617,Medium Risk,0.5614375149625126,0,21.0,116.56,2427.5,True,False,True,True,False,True,True,False,False,False,False,False,False,False,False,True,False,False,False,True,False,False,True,True,False,False
TEL01506,Low Risk,0.35651223166394064,0,19.0,58.63,1090.02,False,False,True,True,False,True,False,False,False,False,False,False,False,False,False,False,False,False,False,False,False,False,True,False,False,True
TEL01731,Low Risk,0.2923376402518535,0,0.0,88.9,0.0,False,True,False,False,True,False,True,False,False,True,False,True,False,False,False,True,False,False,False,True,True,False,False,False,False,True
TEL00048,High Risk,0.7558647744240441,0,1.0,113.82,115.20000000000005,True,True,False,True,False,True,True,False,False,False,False,True,False,False,False,False,False,True,False,True,False,False,False,False,False,True
TEL00461,Medium Risk,0.6115847787427119,0,2.0,25.230000000000004,36.6400000000001,True,True,False,True,False,False,False,True,True,False,True,False,True,False,True,False,True,False,True,False,False,False,True,False,True,False
TEL00772,Low Risk,0.34093990864697854,0,3.0,28.33,112.73000000000002,True,False,False,True,False,True,False,True,True,False,True,False,True,False,True,False,True,False,True,False,False,False,True,True,False,False
TEL00503,Low Risk,0.1826280508317514,1,15.0,74.58,1150.41,True,True,False,True,False,True,False,False,False,False,False,False,False,True,False,True,False,True,False,True,False,True,False,False,True,False
TEL01343,Low Risk,0.12558080607355016,0,43.0,87.55,3793.17,False,False,False,True,False,False,True,False,False,True,False,False,False,False,False,True,False,False,False,True,True,False,True,True,False,False
TEL01655,Low Risk,0.014351549912011728,0,67.0,29.39,1988.65,True,False,True,True,False,True,False,True,True,False,True,False,True,False,True,False,True,False,True,False,True,False,False,False,True,False
TEL01656,Medium Risk,0.41579143261174717,0,41.0,111.71,4550.47,True,False,False,False,True,False,True,False,False,True,False,True,False,True,False,False,False,True,False,True,True,False,True,False,True,False
TEL01397,Medium Risk,0.5651871650744368,0,40.0,99.54,3964.39,False,False,True,True,False,False,True,False,False,True,False,True,False,True,False,False,False,False,False,True,False,False,False,False,False,False
TEL01795,Low Risk,0.0933227314371382,0,44.0,81.66,1077.4,True,True,False,True,False,True,False,False,False,True,False,False,False,True,False,False,False,False,False,False,True,False,False,False,True,False
TEL00335,Low Risk,0.09285552823880083,0,53.0,81.76,4334.19,False,False,True,True,False,False,True,False,False,True,False,False,False,True,False,True,False,False,False,False,True,False,True,False,False,True
TEL01077,Low Risk,0.3605072269986806,1,22.0,125.58,2729.47,False,True,False,False,True,False,True,False,False,True,False,True,False,True,False,True,False,True,False,True,False,True,True,False,False,True
TEL01388,Low Risk,0.18294879960861854,0,18.0,119.77,2166.35,True,False,True,True,False,True,True,False,False,True,False,True,False,False,False,True,False,True,False,True,False,True,False,False,False,False
TEL01260,Low Risk,0.14140696300112812,0,1.0,19.72,0.0,True,True,True,False,True,False,False,True,True,False,True,False,True,False,True,False,True,False,True,False,False,True,False,False,True,False
TEL01175,Medium Risk,0.5697987428902684,0,24.0,87.94,2138.41,True,False,False,True,False,False,True,False,False,True,False,True,False,False,False,True,False,False,False,False,False,False,True,False,False,True
TEL00291,Medium Risk,0.4331126218584752,0,13.0,29.769999999999996,378.53,True,True,False,True,False,True,False,True,True,False,True,False,True,False,True,False,True,False,True,False,False,False,False,False,True,False
TEL00991,Low Risk,0.0999867295226707,0,13.0,71.05,925.65,True,False,False,True,False,True,False,False,False,False,False,True,False,True,False,True,False,True,False,False,True,False,True,False,False,False
TEL00623,Low Risk,0.354584467586808,0,25.0,69.43,1753.18,True,False,False,False,True,False,False,False,False,True,False,True,False,True,False,False,False,True,False,False,False,False,False,True,False,False
TEL01486,Low Risk,0.345577422008531,0,6.0,30.93,172.8800000000001,True,True,True,True,False,False,False,True,True,False,True,False,True,False,True,False,True,False,True,False,False,False,False,False,False,True
TEL00848,Low Risk,0.26992780807421446,0,17.0,25.58,453.52,False,True,True,True,False,True,False,True,True,False,True,False,True,False,True,False,True,False,True,False,False,False,True,False,False,False
TEL01288,Low Risk,0.1873194123961785,0,47.0,121.76,5725.78,True,False,False,True,False,False,True,False,False,True,False,True,False,True,False,True,False,True,False,False,True,False,True,True,False,False
TEL00457,Medium Risk,0.5596516721762622,0,18.0,81.8,1494.12,False,False,False,True,False,False,False,False,False,True,False,True,False,True,False,False,False,True,False,True,False,False,True,False,False,False
TEL00002,Low Risk,0.11049350724117145,0,55.0,120.39,6588.83,False,False,True,True,False,True,True,False,False,True,False,False,False,False,False,True,False,False,False,True,True,False,False,True,False,False
TEL00066,Low Risk,0.060333998223865835,0,72.0,84.69,6108.9,True,True,False,True,False,True,True,False,False,True,False,False,False,True,False,True,False,False,False,False,True,False,True,True,False,False
TEL00347,High Risk,0.8413439247645288,0,3.0,94.23,249.63999999999987,True,False,True,True,False,False,True,False,False,False,False,True,False,True,False,False,False,False,False,True,False,False,True,False,True,False
TEL01147,Medium Risk,0.5227760378518899,0,6.0,91.36,526.71,False,False,True,True,False,False,False,False,False,True,False,False,False,True,False,True,False,True,False,False,False,False,True,False,False,True
